name,outsourcing_order_id,is_complete_infos,status
DYC-CH1-220507-James Blunt,1,1,completed
AD-220305-REDFILLS PATCH & PATTERN 2,2,1,completed
BF-220402-PEMBROKE CLASSIC SPORT GREY,3,1,completed
AD-220305-REDFILLS PATCH & PATTERN 2 BF-220330-FCS RED BLUE BF-220402-PEMBROKE BASE BLACK BF-220402-PEMBROKE CLASSIC SPORT BLACK BF-220402-PEMBROKE CLASSIC SPORT NAVY 282C BF-220402-PEMBROKE CLASSIC SPORT OLIVE BF-220402-PEMBROKE HUF BLACK BF-220402-PEMB,4,1,completed
BF-220402-PEMBROKE CLASSIC SPORT NAVY 282C,5,1,completed
BF-220402-PEMBROKE CLASSIC SPORT OLIVE,6,1,completed
BF-220402-PEMBROKE CLASSIC SPORT PASTEL LILAC,7,1,completed
DYC-CH1-220507-James Blunt,8,1,completed
Rei Screeline Cap PO37985,9,1,completed
DYC-US-220425-Vendome-557,10,1,completed
R2B-97-AC2204676 MB CONCEPT,11,1,completed
BF-220402-PEMBROKE CLASSIC SPORT VEGAS GOLD,12,1,completed
DYC-AU-220504-Wolf Lane Distillery,13,1,completed
DYC-US-220428-Denison-562,14,1,completed
DYC-US-220428-Denison-562-Opt02,15,1,completed
HM-220303-A&A,16,1,completed
HM-220319-LOK LOWEN,17,1,completed
HM-220429-TSV FRODOLFING,18,1,completed
HM-220503-KDP,19,1,completed
PH-220504-SPOTTED FIN OLIVE,20,1,completed
R2B-97-AC2204676 MB CONCEPT,21,1,completed
ROV-220312-HAWK TRUCKER_v1,22,1,completed
DYC-US-220425-Villa Azur St-Tropez-555,23,1,completed
R2B-98-AC2203529 MIGROS INDUSTRIE,24,1,completed
CIE-220505-CLB Rabbit Burgundy + CIE-220224-CLB Harricana +DYC-CH1-220512-Air-Glaciers SA + Dự trữ đi in + HM-220429-CB + CIE-220211-CLB Lost Boys + DYC-US-220405-Hang Loose-546,25,1,completed
Sahara Path Hat L Army Cot Green-PO 37985,26,1,completed
HM-220505-HANSA FLEX,27,1,completed
DYC-AU-220504-Wolf Lane Distillery,28,1,completed
BF-220402-PEMBROKE CLASSIC SPORT BLACK DYC-AU-220317-Buckettys-56cm DYC-AU-220317-Buckettys-58cm R2B-98-AC2203529 MIGROS INDUSTRIE TTD-220429-GF STYLE 10 (2020) XA-293-AIR GLACIER,29,1,completed
DYC-US-220428-Denison-562,30,1,completed
BF-220322-HCR - 58cm - 56cm,31,1,completed
TTD-220429-GF STYLE 10 (2020),32,1,completed
DYC-US-211118-TCHEBA-Opt 01,33,1,completed
DYC-US-211118-TCHEBA-Opt 02,34,1,completed
DYC-US-211118-TCHEBA-Opt 03,35,1,completed
DYC-US-220514-The Arsenale-572,36,1,completed
CIE-210808-GoCap SC-Berlin 22 + DYC-US-220514-Galeon-570 + DYC-US-220514-Marine Max-569,37,1,completed
TTD-210522-030-HP,38,1,completed
XA-293-AIR GLACIER,39,1,completed
TTD-210522-030-HP,40,1,completed
SCREELINE CAP OS Asphalt - 37985,41,1,completed
Screeline Cap OS Army Cot Green-37985,42,1,completed
Sahara Path Hat Army Cot Green-37985,43,1,completed
DYC-US-211118-TCHEBA-Opt 03,44,1,completed
PH-220504-SPOTTED FIN STORM GREY,45,1,completed
BF-220405-HCL SB White - 54cm/56/58,46,1,completed
BF-220405-HCL SB White - 54cm/56/58,47,1,completed
HM-220427-BGBC,48,1,completed
HM-220506-ELF PATCH BASEBALL,49,1,completed
TTD-230522-094-Trung Việt,50,1,completed
HM-220509-CMW,51,1,completed
HM-220512-ZT TUNING,52,1,completed
DYC-CH1-220513-Moto Club Cossonay-Opt04,53,1,completed
CIE-220505-CLB Rabbit Navy,54,1,completed
CIE-220505-CLB Rabbit Burgundy,55,1,completed
CIE-220224-CLB Harricana,56,1,completed
VIEN-DU-TRU,57,1,completed
TTD-240522-032-Quãng Viễn,58,1,completed
DYC-US-220514-Procom Insurance-571 DYC-AU-220510-Craft Beer Coopery DYC-US-220425-Sophia Lopez-556-Opt02 DYC-US-220428-Championship Swagger-561 DYC-US-220514-Galeon-570 DYC-CH1-220422-A Buzzurro,59,1,completed
JP-220418-JAPAN CUP 2022,60,1,completed
DYC-CH1-220517-Camping de la Piscine - DYC-AU-220511-Action Metal,61,1,completed
TTD-220413-BIS AN PHU Fundino,62,1,completed
TTD-220413-BIS AN PHU CAP 54cm- TTD-220413-BIS VINCOM 56cm -TTD-220413-BIS VINCOM 54cm -TTD-220413-BIS VINCOM 57cm -TTD-220413-BIS VINCOM Cap Fundino 52cm -TTD-220413-BIS VINCOM Cap Fundino 54cm,63,1,completed
TTD-220413-BIS AN PHU CAP 59cm TTD-220413-BIS AN PHU CAP 58cm TTD-220413-BIS AN PHU CAP 57cm TTD-220413-BIS AN PHU CAP 56cm TTD-220413-BIS AN PHU CAP 54cm TTD-220413-BIS VINCOM 56cm TTD-220413-BIS VINCOM 54cm TTD-220413-BIS VINCOM 57cm TTD-220413-BIS VIN,64,1,completed
HM-220505-HANSA FLEX BF-220402- CADENCY MEXICAN SKULL PURPLE BF-220402-CADENCY SAMURAI BF-220402-CADENCY CHARGING BULL BF-220402-CADENCY MEXICAN SKULL BLACK BF-220402-CADENCY POKER HM-220505-RAMMSTEIN HM-220505-SV OBERWOLFACH ADULT HM-220505-SV OBERWOLFA,65,1,completed
TTD-300522-031-Hằng Phong,66,1,completed
VIEN + GON DAI DU TRU,67,1,completed
TTD-300522-098-Trung Việt,68,1,completed
TSA-310522-039-Trung Việt,69,1,completed
TTD-010622-099-Trung Việt,70,1,completed
ĐAI 4 Đường 3cm Black,71,1,completed
PH-220504-SPOTTED FIN OLIVE,72,1,completed
BEX-508,73,1,completed
CIE-220505-CLB Rabbit Navy+CIE-220505-CLB Rabbit Burgundy+CIE-220224-CLB Harricana,74,1,completed
DYC-CH1-220509-DAHU - Celliers de Slon,75,1,completed
DYC-US-220514-Marine Max-569,76,1,completed
Vien KATE Mint,77,1,completed
TTD-220420-Slide - Velcro,78,1,completed
CIE-220505-CLB Rabbit Navy CIE-220505-CLB Rabbit Burgundy CIE-220224-CLB Harricana,79,1,completed
TTD-020622-100-Trung Việt,80,1,completed
CIE-220211-CLB Lost Boys CIE-210808-ALZCap SC - Velocity Box - Shadowcast CIE-210808-ALZCap SC - Velocity Box - Petra CIE-210808-ALZCap SC - Velocity Box - Indigo CIE-210808-GoCap SC-Berlin 22 CIE-210808-ALZCap SC - Velocity Box - Stadium,81,1,completed
"HM-220429-CB + HM-220505-VOLANE ART + ""DYC-US-220519-Bagatelle St Tropez-574",82,1,completed
TTD-030622-102-Trung Việt,83,1,completed
TTD-220413-BIS AN PHU Fundino,84,1,completed
DYC-CH1-220422-Guggenmusik,85,1,completed
TTD-030622-008-Anh Hùng,86,1,completed
TTD-MOVEMENT-220504,87,1,completed
R2B-97-AC2204676 MB CONCEPT,88,1,completed
TTD-040622-033-Hằng Phong,89,1,completed
DYC-US-220514-Galeon-570,90,1,completed
TTD-220410-PARAPACK LITE CHARCOAL TTD-220410-PARAPACK LITE BLACK TTD-220410-PARAPACK LITE BEIGE TTD-220410-PARAPACK POOL GREEN TTD-220410-PARAPACK BLACK TTD-220509-PARAPACK LITE NAVY MIX,91,1,completed
CIE-210808-ALZCap SC - Velocity Box - Stadium,92,1,completed
TSA-070622-043-Trung Việt,93,1,completed
TTD-070622-034-Quãng Viễn.,94,1,completed
DYC-US-220517-E11even-573-Opt05,95,1,completed
DYC-US-220517-E11even-573-Opt02,96,1,completed
DYC-US-220517-E11even-573-Opt01,97,1,completed
HM-220505-NNM BEIGE,98,1,completed
DYC-US-220524-Sea Ray-579,99,1,completed
DYC-US-220524-Sea Ray-579,100,1,completed
DYC-AU-220520-RH Bluewater Marine,101,1,completed
DYC-AU-220510-Craft Beer Coopery ( Phiếu bù số 06/06 ),102,1,completed
ĐAI COTON BLACK VAC06,103,1,completed
DYC-US-220524-Sea Ray-579,104,1,completed
TTD-060622-103-Trung Việt,105,1,completed
DYC-US-220524-Marine Max-578   +  DYC-AU-220520-RH Bluewater Marine,106,1,completed
TTD-070622-034-Hằng Phong,107,1,completed
DYC-US-220425-Sophia Lopez-556-Opt02,108,1,completed
BEX-220218-PO508-MARSHALL WHITE/BLUE,109,1,completed
BEX-220218-PO508-MARSHALL GRAY/WHITE,110,1,completed
BEX-220218-PO508-MARSHALL TEAL/WHITE,111,1,completed
BEX-220218-PO508-TACK BURT GRAY,112,1,completed
BEX-220218-PO508-RUGGED BLACK,113,1,completed
BEX-220218-PO508-CONNECTOR,114,1,completed
BEX-220218-PO508-COLAIR RED,115,1,completed
BEX-220218-PO508-ALBANY GRAY,116,1,completed
Felt White,117,1,completed
TTD-070622-104-Trung Việt,118,1,completed
TTD-220514-HAYABUSA BLACK,119,1,completed
BF-220302-DIVER,121,1,completed
TTD-220422 GF Style 10 (2021),122,1,completed
TTD-220422 GF Style 11 (2021),123,1,completed
TTD-220422 GF Style 13 (2021),124,1,completed
Đai 3 đường 3.5 cm VAC06 ( GF-32 ),125,1,completed
DYC-US-220506-VN-564,126,1,completed
DYC-US-220506-VN-564,127,1,completed
XA-293-AIR GLACIER ( Phiếu bù ),128,1,completed
DYC-CH1-220509-DAHU - Celliers de Slon,129,1,completed
BEX-220422-PO528-MARSHALL GRAY,130,1,completed
GIẤY 80G,131,1,completed
TTD-100622-035-Hằng Phong,132,1,completed
TTD-100622-105-Trung Việt,133,1,completed
TTD-100622-035-Quãng Viễn.,134,1,completed
BEX-220422-PO528-YUCATAN BROWN,135,1,completed
BEX-220422-PO528-MARSHALL GRAY,136,1,completed
TTD-MOVEMENT-220504 + 220420,137,1,completed
TTD-110622-106-Trung Việt,138,1,completed
DYC-US-220425-Sophia Lopez-556-Opt02,139,1,completed
TTD-110622-036-Hằng Phong,140,1,completed
HM-220506-ELF DRAGONS TRUCKER,141,1,completed
R2B-94-AC2203559 BACKTEES BLUSH GREY- V1,143,1,completed
TTD-110622-036-Quãng Viễn.,144,1,completed
AD-220528-PRO RACE,145,1,completed
DYC-US-220222-Cigarette Racing Team-Opt 03- v1,146,1,completed
DYC-CH1-220520-Locaclim SA,147,1,completed
TTD-130622-107-Trung Việt,148,1,completed
TTD-130622-107-Trung Việt,149,1,completed
TTD-130622-176-Trung Việt,150,1,completed
DYC-US-220425-Sophia Lopez-556-Opt01,151,1,completed
DYC-US-220507-Sophia Lopez-565-Opt03,152,1,completed
DYC-US-220409-Sealegs-548,153,1,completed
TTD-130622-107-Trung Việt,154,1,completed
BEX-220218-PO508-PERF BLACK,155,1,completed
R2B-93-AC2203479 LAMELCOLOR,156,1,completed
R2B-101-AC2204792 ELCA CLOUD SERVICES,157,1,completed
Artist Series Trucker - 38003,158,1,completed
TTD-150622-108-Trung Việt,159,1,completed
FELTBLACK,160,1,completed
AD-220511-YELIR 5,161,1,completed
AD-220511-YELIR 28,162,1,completed
AD-220511-YELIR,163,1,completed
AD-220511-YELIR GRAY + PATCH GREY,164,1,completed
TTD-220422 GF Style 10 (2021),165,1,completed
TTD-220517-SHONDO NONSH70,166,1,completed
TTD-220517-SHONDO NONSH20,167,1,completed
TTD-220517-SHONDO NONSH02 + TTD-220517-SHONDO NONSH01,168,1,completed
JP-220523-SODASHI,169,1,completed
JP-220523-SODASHI,170,1,completed
DYC-US-220507-Sophia Lopez-565-Opt04,171,1,completed
HM-220523-ZIMMEREI SKY BLUE,172,1,completed
HM-220530-PILOT FC,173,1,completed
HM-220512-3OFF GREEN,174,1,completed
HM-220512-3OFF SAND,175,1,completed
HM-220505-NNM TWEET AW,176,1,completed
TTD-220410-PARAPACK LITE BEIGE TTD-220410-PARAPACK POOL GREEN  (Bù viền ),177,1,completed
CIE-210808-ALZCap SC - Velocity Box - Stadium-Sublimation,178,1,completed
TTD-100622-135-Quãng Viễn,179,1,completed
R2B-100-AC2204800 CRESTOELEC,180,1,completed
TTDKTY-220525-MOVEMENT,181,1,completed
TTD-160622-109-Trung Việt,182,1,completed
DYC-US-220507-Sophia Lopez-565-Opt03,183,1,completed
JP-220422-WASJ 2022,184,1,completed
JP-220418-JAPAN CUP 2022,185,1,completed
TTD-220514-HAYABUSA BLACK,186,1,completed
HM-220506-ELF FIRE TRUCKER,187,1,completed
HM-220506-ELF GALAXY TRUCKER,188,1,completed
HM-220506-ELF LK TRUCKER,189,1,completed
HM-220506-ELF VIKINGS TRUCKER,190,1,completed
TTD-160622-109-Trung Việt,191,1,completed
CIE-210808-ALZCap SC - Velocity Box - Stadium-Sublimation,192,1,completed
CIE-210808-RDCap SC - Frame S - Petra,193,1,completed
CIE-210808-RDCap SC - Frame S - Scout,194,1,completed
CIE-220405-CLB Black + CIE-210808-CRWCap SC - Chicago + CIE-210808-RDCap SC - Frame S - Shadowcast + CIE-210808-TRKCap SC - NYNY,195,1,completed
CIE-210808-RDCap SC - Frame S - Uniform,196,1,completed
TTD-160622-109-Trung Việt,197,1,completed
CIE-220405-CLB Black + CIE-210808-CRWCap SC - Chicago + CIE-210808-TRKCap SC - NYNY,198,1,completed
CIE-220405-CLB Burgundy,199,1,completed
CIE-220405-CLB Forest,200,1,completed
CIE-220405-CLB Royal,201,1,completed
CIE-220405-CLB Purple,202,1,completed
CIE-220405-CLB Red,203,1,completed
CIE-220405-CLB White,204,1,completed
TTD-160622-109-Trung Việt,205,1,completed
TTD-170622-037-Hằng Phong,206,1,completed
R2B-107-18022985 NASUKO,207,1,completed
TTD-GF 32/33/34/35/HM-ELF,208,1,completed
TTD-180622-110-Trung Việt,209,1,completed
TTD-GF,210,1,completed
DYC-CH1-220603-La Chocolaterie-58cm/55CM,211,1,completed
DYC-US-220602-HMY-583,212,1,completed
DYC-US-220602-HMY-582,213,1,completed
TTD-200622-111-Trung Việt,214,1,completed
TTD-200622-111-Trung Việt,215,1,completed
JP-220608-NAKAJIMA RACING 2022,216,1,completed
DYC-AU-220527-THE MUDGEE BREWING,217,1,completed
DYC-US-220525-Allied Marine-580-Opt04,218,1,completed
DYC-AU-220601-Network steel,219,1,completed
AD-220601-EX NIHILO STONE,220,1,completed
AD-220525-DJ BENS,221,1,completed
HM-220602-DESK7,222,1,completed
TTD-200622-112-Trung Việt,223,1,completed
DYC-US-220507-Sophia Lopez-565-Opt04,224,1,completed
DYC-US-220408-Philippe Shangti-547-Opt01,225,1,completed
SA-SHAWEEL-38063,226,1,completed
TTD-210622-038-Hằng Phong,227,1,completed
AD-220525-REDFILLS ( THỦ ĐỨC ),228,1,completed
TTD-GF 32/33,229,1,completed
AD-220525-REDFILLS-BUCKET,230,1,completed
TTD-220419-Duel-v1,231,1,completed
TTD-210622-113-Trung Việt,232,1,completed
TTD-210622-037-Quãng Viễn.,233,1,completed
DYC-AU-220527-THE MUDGEE BREWING,234,1,completed
BF-220331-DUNRIDE BLACK EAGLE,235,1,completed
TTD-220419-Duel-v1,236,1,completed
SMS FW23,237,1,completed
TTD-220622-039-Hằng Phong,238,1,completed
DYC-US-220520-Doroni Aerospace-576,239,1,completed
VIỀN DỰ TRỮ,240,1,completed
TTD-230622-114-Trung Việt,241,1,completed
TTD-210622-113-Trung Việt,242,1,completed
TTD-210622-113-Trung Việt,243,1,completed
DYC-AU-220607-Mountain Blue,244,1,completed
DYC-573,245,1,completed
DYC-CH1-220422-A Buzzurro,246,1,completed
DYC-CH1-220610-Concordia de Bagnes,247,1,completed
TTD-240622-115-Trung Việt,249,1,completed
DYC-US-220422-Monbarth-554-Opt06,250,1,completed
CIE-220405-CLB Navy,251,1,completed
SA-SMS-38010,252,1,completed
DYC-US-220422-Monbarth-554-Opt03,253,1,completed
SMS-SA-38010,254,1,completed
TTD-280622-038-Quãng Viễn.,255,1,completed
R2B-102-AC2205890 SWIBECO,256,1,completed
R2B-102-AC2205890 SWIBECO,257,1,completed
DYC-US-220622-Soflo Jeeps-591,258,1,completed
DYC-US-220422-Wally Castro-553,259,1,completed
TTD-270622-117-Trung Việt,260,1,completed
VIỀN DỰ TRỮ,261,1,completed
TTD-270622-112-KQ,262,1,completed
DYC-US-220525-Allied Marine-580-Opt05,263,1,completed
DYC-US-220520-Doroni Aerospace-576,264,1,completed
HM-220609-RT LUXEMBOURG,265,1,completed
TTD-280622-118-Trung Việt,266,1,completed
TTD-280622-114-KQ,267,1,completed
DYC-US-220519-Sophia Lopez-575-Opt01,268,1,completed
DYC-US-220519-Sophia Lopez-575-Opt01,269,1,completed
Hằng Phong,270,1,completed
VIỀN DỰ TRỮ,271,1,completed
R2B-94-AC2203559 BACKTEES BLUSH GREY- V1,272,1,completed
DYC-US-220527-Soflo-581,273,1,completed
TTD-280622-118-Trung Việt,274,1,completed
R2B-104-AC2205896 FONDATION AVENIR,275,1,completed
Trung Việt,276,1,completed
CZ68-220615-Recycle Plastic Visor DK-Green MI,277,1,completed
VIỀN KATE BLACK,278,1,completed
BF-220331-DUNRIDE BLACK EAGLE,279,1,completed
TTD-220410-PARAPACK ( BÙ VIỀN - GẤP ),280,1,completed
TTD-290622-116-KQ,281,1,completed
DYC-US-220602-HMY-582,282,1,completed
TTD-290622-120-Trung Việt,283,1,completed
DYC-US-220616-E11even-587-Opt1/3/11/12,284,1,completed
DYC-US-220422-Wally Castro-553/LONA,285,1,completed
DYC-CH1-220506-Le Rouge-Opt03,286,1,completed
HM-220609-RT LUXEMBOURG,287,1,completed
SMS-38010,288,1,completed
CZ68-220615-Recycle Plastic Visor Warm Grey MI,289,1,completed
CZ68-220615-Recycle Plastic Visor DK-Green CO,290,1,completed
DYC-US-220519-Sophia Lopez-575-Opt07,292,1,completed
HM-220616-GIAN GAUSLIN SNAPBACK,293,1,completed
HM-220609-EB BEIGE,294,1,completed
TTD-010722-118-KQ,295,1,completed
TTD-010722-121-Trung Việt,296,1,completed
Everpia,297,1,completed
DYC-CH1-220422-Restaurant Taratata-Opt04,298,1,completed
TTD-010722-122-Trung Việt,299,1,completed
TTD-280622-041-Hằng Phong,300,1,completed
Screeline Cap OS Army Cot Green-37985,301,1,completed
TTD-020722-123-Trung Việt,302,1,completed
DYC-US-220616-E11even-587-Opt01,303,1,completed
TTD-040722-119-KQ,304,1,completed
R2B-104-AC2205896 FONDATION AVENIR,305,1,completed
TTD-040722-124-Trung Việt,306,1,completed
ĐAI GF,307,1,completed
DYC-US-220616-E11even-587-Opt01,308,1,completed
TTDKTY-220627-VV520-Fandango Pink-Slide,309,1,completed
TTDKTY-220627-VV520-Fandango Pink-Slide,310,1,completed
TTD-050722-039-Quãng Viễn.,311,1,completed
TTD-050722-042-Hằng Phong,312,1,completed
XA-297-EHL WHITE / BLACK / NAVY,313,1,completed
CIE-SMS-211222,314,1,completed
CIELE-SMS-ĐAI,315,1,completed
TTD-060722-120-KQ,317,1,completed
HM-220629-FENDT,318,1,completed
DYC-US-220604 Worth Avenue Yachts 586,319,1,completed
DYC-US-220604 Worth Avenue Yachts 586,320,1,completed
DYC-US-220517-E11even-573-Opt05,321,1,completed
Sample,322,1,completed
TTDKTY-220627,323,1,completed
TTD-220705-POTTU & SEITZ SA,324,1,completed
TTD-070722-124-Trung Việt,325,1,completed
TTD-070722-121-KQ,326,1,completed
TTD-050722-123-Trung Việt,327,1,completed
CIE-SMS,328,1,completed
CIE-SMS,330,1,completed
CIE-SMS,331,1,completed
CIE-SMS,332,1,completed
CIE-SMS,333,1,completed
CIE-SMS,334,1,completed
CIE-SMS,336,1,completed
CIE-SMS,337,1,completed
CIE-SMS,338,1,completed
CIE-SMS,339,1,completed
CIE-SMS,340,1,completed
ROV-220621-CLYDE'S CORNER 03,341,1,completed
AD-220620-REDFILLS IR PATCH 2/ CHARACTER/ FACE 2,342,1,completed
TTD-080722-122-KQ,343,1,completed
ĐAI HM-220630,344,1,completed
ĐAI HM-220630,345,1,completed
ĐAI HM-220630,346,1,completed
ĐAI HM-220630,347,1,completed
ĐAI HM-220630,348,1,completed
TTD-090722-123-KQ,349,1,completed
ĐAI R2B-108,350,1,completed
ĐAI HM-22060-FENDT,351,1,completed
ĐAI HM-220630-PZ,352,1,completed
ĐAI HUBB&WILLS 5-STYLE 3,353,1,completed
ĐAI AD-220623-YELIR-GREY,354,1,completed
TTD-110722-124-KQ,355,1,completed
VIỀN DYC-585/ DYC-577-OPT06/ DYC-577-OPT12,356,1,completed
VIỀN DYC-US-220630-Holman-594-Opt02,357,1,completed
TTD-110722-125-Trung Việt,358,1,completed
VIỀN HM-220629 FENDT,359,1,completed
SANDWHICH 1.7cm HM-220629-FENDT,360,1,completed
XA-296-EPFL KIDS TEAL,361,1,completed
TTD-120722-125-KQ,362,1,completed
XA-297,363,1,completed
DYC-CH1-220629-Air-Glaciers SA,364,1,completed
JP-220708-SUMITOMO NEW,365,1,completed
ĐAI COTON BLACK VAC06,366,1,completed
ĐAI THUN MÈ BLACK - PEWTER,367,1,completed
TTD-130722-126-Trung Việt,368,1,completed
AD-220620-REDFILLS,369,1,completed
TTD-150722-043-Hằng Phong,370,1,completed
TTD-120722-126-KQ,371,1,completed
DYC-CH1-220629-Air-Glaciers SA,372,1,completed
JP-220707-KATALLER MESH,373,1,completed
JP-220707-KATALLER MESH KIDS,374,1,completed
JP-220707-KATALLER MESH KIDS / ADULT,375,1,completed
R2B-112-AC22061217 MORAND,376,1,completed
R2B-112-AC22061217 MORAND,377,1,completed
TTD-120722-126-KQ,378,1,completed
DYC-US-220630-Holman-594-Opt01,379,1,completed
DYC-US-220630-Holman-594-Opt02,380,1,completed
DYC-US-220630-Holman-594-Opt03,381,1,completed
DYC-US-220604-Fraser-585,382,1,completed
DYC-US-220520-Whico-577 opt1/15,383,1,completed
DYC-US-220520-Whico-577-Opt02,384,1,completed
HM-220609-RT LUXEMBOURG + CIE-220527-Run Amok Solid,385,1,completed
TTD-150722-044-Hằng Phong,386,1,completed
TTD-150722-127-Trung Việt,387,1,completed
DYC-US-220520-Whico-577-Opt03/OPT4/OPT9/584,388,1,completed
DYC-US-220520-Whico-577-Opt06/opt12,389,1,completed
DYC-US-220520-Whico-577-Opt11 / opt 10,390,1,completed
DYC-US-220520-Whico-577-Opt15,391,1,completed
TTD-150722-040-Quãng Viễn.,392,1,completed
TTD-160722-128-Trung Việt,393,1,completed
TTD-160722-129-KQ,394,1,completed
Outbound Cap-Darkest Navy-OS / Outbound Cap-Heathered Gray-OS - SA-38003,395,1,completed
DYC-CH1-220629-Air-Glaciers SA,396,1,completed
AD-220623-YELIR GREY,397,1,completed
TTD-220527-Hubb&Wills 5-Style 3,398,1,completed
DYC-CH1-220706-Hydra Island,399,1,completed
TTD-160722-128-Trung Việt,400,1,completed
TTD-160722-131-KQ,401,1,completed
Trung Việt,402,1,completed
TTD-180722-129-Trung Việt,403,1,completed
ROV-220705-YS-ACTIVITY,405,1,completed
ROV-220705-YS-BACKPACK,406,1,completed
ROV-220705-YS-BEAR OVERLOOK,407,1,completed
ROV-220705-YS-INFO NAVY,408,1,completed
ROV-220705-YS-LINEART,409,1,completed
ROV-220705-YS-SOUTHWEST FALL,410,1,completed
ROV-220705-YS-TRIANGLE HD BLACK,411,1,completed
ROV-220705-YS-TRIANGLE HD GREY,412,1,completed
ROV-220705-YS-VALLEY FLOOR,413,1,completed
ROV-220705-YS-VALLEY VIEW,414,1,completed
ROV-220705-YS-VINTAGE BILLBOARD,415,1,completed
CIE-210808-RDCap SC - Frame S - Shadowcast,416,1,completed
DYC-CH1-220629-Air-Glaciers SA,417,1,completed
TTD-180722-009-Anh Hùng,418,1,completed
TTD-190722-134-KQ,419,1,completed
JP-220620-MEIJI WHITE_v1/JP-220620-MEIJI NAVY_v1,420,1,completed
DYC-US-220520-Whico-577-Opt14 / XA-300-FDZ,421,1,completed
DYC-US-220520-Whico-577-Opt08,422,1,completed
TTD-190722-130-Trung Việt,423,1,completed
DYC-US-220520-Whico-577-Opt14,424,1,completed
SA-38043 - 38049 - Trucker,425,1,completed
SA-38049-ĐAI,426,1,completed
SA-38054-trucker-đai,427,1,completed
TTD-200722-136-KQ,428,1,completed
XA-297-EHL BLACK / WHITE / NAVY,429,1,completed
HM-220613-SAILUN TYRE,430,1,completed
R2B-104-AC2205896 FONDATI...,431,1,completed
DYC-CH1-220706-Hydra Island / DYC-US-220714-BIC UKRAINE-Opt01 / DYC-US-220714-BIC UKRAINE-Opt02,432,1,completed
DYC-US-220714-BIC UKRAINE-Opt01 / OPT2,433,1,completed
DYC-CH1-220530-Swiss Red Cross Ball-Opt01,434,1,completed
TSA-190722-045-Trung Việt,435,1,completed
TTD-200722-131-Trung Việt,436,1,completed
TTDKTY-220707-Movement,437,1,completed
TTDKTY-220707-Movement,438,1,completed
TTD-210722-045-Hằng Phong,439,1,completed
DYC-US-220603-James Campbell Insurance-584,440,1,completed
TTD-210722-041-Quãng Viễn.,441,1,completed
FW22-ALPINE TUNDRA CAP- PO 38003,442,1,completed
XA-300-FDZ,443,1,completed
TTD-210722-041-Quãng Viễn,444,1,completed
TTD-2250722-046-Hằng Phong,445,1,completed
TTD-220722-132-Trung Việt,446,1,completed
Wash,447,1,completed
TTD-220722-135-KQ,448,1,completed
TTDKTK-MOVEMENT,449,1,completed
DYC-US-220616-Paradise Landing-588-Opt01,450,1,completed
DYC-US-220616-Paradise Landing-588-Opt02,451,1,completed
DYC-US-220520-Whico-577-Opt13,452,1,completed
DYC-US-220520-Whico-577-Opt01,453,1,completed
ROV-220705-YS-INFO NAVY,454,1,completed
JP-220607-UTOKYO BLACK,455,1,completed
JP-220607-UTOKYO WHITE,456,1,completed
TTD-250722-133-Trung Việt,457,1,completed
JP-220620-MEIJI NAVY_v1,458,1,completed
JP-220719-BLUE IMPULSE ARMY BLACK - dập két nhựa,459,1,completed
ĐAI GF-37/38/39,460,1,completed
R2B-105-AC2204704 BRINGHEN,461,1,completed
CZ68-220615-Recycle Plastic Visor Warm Grey CO(D2),462,1,completed
SA-PO-38003-Mountain Time Radar,463,1,completed
TTD-2650722-047-Hằng Phong,464,1,completed
TTD-260722-042-Quãng Viễn.,465,1,completed
TTD-260722-042-Quãng Viễn.,466,1,completed
TTD-260722-137-KQ,467,1,completed
DYC-AU-220704-Mycladders,468,1,completed
DYC-US-220520-Whico-577-Opt13,469,1,completed
TTD-260722-134-Trung Việt,471,1,completed
TTD-260722-134-Trung Việt,472,1,completed
R2B-105-AC2204704 BRINGHEN,473,1,completed
SS23-FLASH CAP-PO 38047,474,1,completed
TTD-2650722-047-Hằng Phong,475,1,completed
TSA-270722-046-Trung Việt,476,1,completed
Trung Việt,477,1,completed
DYC-AU-220713-Yaraka,478,1,completed
JP-220707-JAPAN CUP 2022,479,1,completed
TTDKTY-220713-VS520-White-Slide ( THÂN LÓT TRONG ),480,1,completed
DYC-US-220520-Whico-577-Opt07,481,1,completed
DYC-US-220520-Whico-577-Opt07,482,1,completed
DYC-US-220520-Whico-577-Opt12,483,1,completed
JP-220620-MEIJI WHITE_v1,484,1,completed
TTD-280722-135-Trung Việt,485,1,completed
TTD-2750722-048-Hằng Phong,486,1,completed
TTD-290722-141-KQ,487,1,completed
DYC-US-220714-BIC UKRAINE-Opt01,488,1,completed
TTD-300722-136-Trung Việt,489,1,completed
R2B-104-AC2205896 FONDATION AVENIR,490,1,completed
GF-38/39-THIÊN ĐỨC ( STYLE 11/13/2021 ),491,1,completed
TTD-220706-GF3922-Style 10 (2021),492,1,completed
Kids Sun Chaser Cap - 38051,493,1,completed
TTD-220725-8JS-GULF / GULF 02,494,1,completed
PH-220725-BLANK CAP GREY / PH-220725-BLANK CAP NAVY,495,1,completed
JP-220701-ISOGO COUNTRY CLUB GREEN,496,1,completed
TSA-300722-047-Trung Việt,497,1,completed
DYC-US-220520-Whico-577-Opt07,498,1,completed
MD-220625-MBA DAMEN,499,1,completed
TTD-010822-049-Hằng Phong,500,1,completed
TTD-010822-138-Trung Việt,501,1,completed
TTD-010822-049-Hằng Phong,502,1,completed
ĐAI GF36/37/38/39 COTTON ĐEN,503,1,completed
VIỀN DỰ TRỮ,504,1,completed
ROV-220705-YS-BACKPACK,505,1,completed
TSA-020822-048-Trung Việt,506,1,completed
DYC-US-220723-Intrepid-598-Opt04,507,1,completed
TTD-010822-139-Trung Việt,508,1,completed
HM-220602-DAF BUCKET,509,1,completed
DYC-US-220723-E11even Vodka-600,510,1,completed
DYC-US-220723-Intrepid-598-Opt04,511,1,completed
DYC-US-220723-Intrepid-598-Opt03,512,1,completed
DYC-US-220723-Intrepid-598-Opt01,513,1,completed
JOK-14-RAID TUNISIE,514,1,completed
SA-TRUCKER-38049,515,1,completed
TTD-020822-050-Hằng Phong,516,1,completed
ROV-220721-DV-TRIANGLE PATCH WALNUT,517,1,completed
ROV-220721-DV-FELT TRUCKER OLIVE,518,1,completed
ROV-220721-DV-SUEDE CANVAS,519,1,completed
ROV-220721-DV-ICON GRADIENT WINTER,520,1,completed
ROV-220721-DV-CIRCLE LEATHER,521,1,completed
ROV-220721-DV-CLASSIC GOLFER LGREY,522,1,completed
ROV-220721-DV-CLASSIC GOLFER BLUE,523,1,completed
ROV-220721-DV-FLAG PATCH WHITE,524,1,completed
ROV-220721-DV-FLAG PATCH MAROON,525,1,completed
SS23-Outbound Cap-38052,526,1,completed
SS23-Outbound Cap-38052,527,1,completed
SA-38047-Flash Cap,528,1,completed
SS23-SUN SEEKER HAT- PO 38057,529,1,completed
TTD-020822-140-Trung Việt,530,1,completed
SS23-SUN SEEKER HAT- PO 38057,531,1,completed
TTD-020822-043-Quãng Viễn.,532,1,completed
KIDS ARCTIC ICE CAP - 38003,533,1,completed
SS23-INFANT SUNSKIPPER BUCKET- PO 38048,534,1,completed
TTD-030822-141-Trung Việt,535,1,completed
TTD-030822-145-KQ,536,1,completed
TTD-040822-142-Trung Việt,537,1,completed
TTD-040822-051-Hằng Phong,538,1,completed
TTD-040822-051-Hằng Phong,539,1,completed
TTD-040822-142-Trung Việt,540,1,completed
"ROV-220721-DV ( 5 ĐƠN RESCUE,DENIM,TRUCKER,GRADIENT STONE,LEATHER)",541,1,completed
ROV-220721-DV-TRIANGLE PATCH WALNUT,542,1,completed
ROV-220721-DV-CLASSIC GOLFER LGREY,543,1,completed
TTD-050822-143-Trung Việt,544,1,completed
CIE-220618-CLB P3 Black,545,1,completed
TTD-050822-044-Quãng Viễn,546,1,completed
CIE-220618-CLB P3 Burgundy,547,1,completed
CIE-220618-CLB P3 Navy,548,1,completed
CIE-220618-CLB P3 White,549,1,completed
CIE-220618-CLB P3 Purple,550,1,completed
CIE-220618-CLB P3 Red,551,1,completed
CIE-220618-CLB P3 Royal,552,1,completed
AD-220628-REDFILLS SIGNATURE IR NYLON / AD-220628-REDFILLS SIGNATURE IR PATCH NYLON,553,1,completed
TTD-050822-146-KQ,554,1,completed
SA-PO-38045-Charter Escape Hat,555,0,approval
TTD-060822-144-Trung Việt,556,1,completed
TTD-060822-147-KQ,557,1,completed
AD-220721-YELIR 3Y PINK,558,1,completed
CZ68-220701-LUGANO CLASSIC,559,1,completed
TTD-220706-GF3922-Style 10 (2021),560,1,completed
KIDS ARCTIC TRAPPER-38003,561,1,completed
TTD-220723-AIS,562,1,completed
TTD-080822-145-Trung Việt,563,1,completed
JP-220804-CHAMPION VEGAS GOLD,564,1,completed
TTD-080822-145-Trung Việt,565,1,completed
TTD-080822-148-KQ,566,1,completed
DYC-US-220712-Wally Castro-596,567,1,completed
DYC-US-220723-Intrepid-598-Opt02,568,1,completed
TTD-090822-149-KQ,569,1,completed
TTD-220721-PARAPACK,570,1,completed
DYC-US-220728-FGI-603-Opt02,571,1,completed
DYC-US-220727-K1 Speed-602-Opt03,572,1,completed
ROV-220721-DV-CLASSIC GOLFER BLUE,573,1,completed
TSA-100822-049-Trung Việt,574,1,completed
AD-REDFILSS,575,1,completed
CIE-220801-Tracksmith JA Marathon London,576,1,completed
CIE-220801-Tracksmith JA Marathon New York,577,1,completed
AD-220709-REDFILLS REVERSIBLE BUCKET / AD-220725-REDFILLS CLASSIC NYLON IR PATCH TRUCKER,578,1,completed
HM-220725-ALLGAU COMETS NAVY,579,1,completed
TTD-220726-HELISTAR,580,1,completed
TTD-090822-146-Trung Việt,581,1,completed
DYC-US-220806-Vendome-609-Opt05/OPT7,582,1,completed
VIỀN SA,583,1,completed
TTD-100822-147-Trung Việt,584,1,completed
TTD-100822-150-KQ,585,1,completed
CZ68-220615-Recycle Plastic Visor Blue Navy CO(D2),586,1,completed
TTD-090822-045-Quãng Viễn.,587,1,completed
SA-38046-Charter Hat-ĐAI,588,1,completed
DYC-US-220804-Wally Castro-607,589,1,completed
TTD-110822-052-Hằng Phong,590,1,completed
TTD-110822-010-Anh Hùng,591,1,completed
TTD-120822-148-Trung Việt,592,1,completed
TTD-120822-046-Quãng Viễn.,593,1,completed
TTD-120822-053-Hằng Phong,594,1,completed
DYC-AU-220713-Yaraka,595,1,completed
DYC-AU-220713-Yaraka,596,1,completed
TTD-140822-149-Trung Việt,597,1,completed
Trung Việt,598,1,completed
ĐAI - VIỀN DỰ TRỮ,599,1,completed
TTD-130822-151-KQ,600,1,completed
MOVEMENT-220707/220713,601,1,completed
SA-38047-Flash Cap,602,1,completed
SA-38051-Kids Sun Chaser Cap,603,1,completed
AD-220806-BARBE ROUSSE RED,604,1,completed
DYC-US-220806-Westport Yachts-610,605,1,completed
TTD-220729-GF4122-Style 11 (2021),606,1,completed
DYC-US-220727-K1 Speed-602-Opt01,607,1,completed
CIE-220801-Tracksmith JA Marathon CHICAGO,608,1,completed
CIE-220801-Tracksmith JA Marathon Chicago,609,1,completed
CIE-220801-Tracksmith JA Marathon Berlin,610,1,completed
TTD-150822-150-Trung Việt,611,1,completed
TTD-160822-047-Quãng Viễn.,612,1,completed
TTDKTY-220804,613,1,completed
HM-220629-FENDT,614,1,completed
DYC-CH1-220810-Air-Glaciers SA,615,1,completed
DYC-CH1-220809-La Cabane Brunet,616,1,completed
TTDKTY-220804-MOVEMENT,617,1,completed
AD-220806-BARBE ROUSSE KHAKI,618,1,completed
AD-220806-BARBE ROUSSE NAVY,619,1,completed
R2B-115-AC22071453 ORTHOREHA WALLNER,620,1,completed
DYC-US-220727-K1 Speed-602-Opt04,621,1,completed
TTD-180822-151-Trung Việt,622,1,completed
TTD-170822-054-Hằng Phong,623,1,completed
TTD-170822-054-Hằng Phong,624,1,completed
TSA-160822-050-Trung Việt,625,1,completed
TTD-220810-EIS GREY ORANGE,626,1,completed
TTD-190822-152-Trung Việt,627,1,completed
SA-38055-ULTRA ADVENTURE HAT,628,1,completed
DYC-CH1-220711-Bruellan-Opt06,629,1,completed
DYC-CH1-220711-Bruellan-Opt07,630,1,completed
TTD-190822-153-Trung Việt,631,1,completed
TTD-190822-152-KQ,632,1,completed
TTD-220714-ILMC Black Microfiber,633,1,completed
TTD-220726-HELISTAR,634,1,completed
VIỀN DỰ TRỮ,635,1,completed
TTD-200822-055-Hằng Phong,636,1,completed
TTD-200822-055-Hằng Phong,637,1,completed
TTD-200822-153-KQ,638,1,completed
TTD-200822-154-Trung Việt,639,1,completed
SA-38050-Kids' Clear Creek Boonie,640,1,completed
TTD-220822-155-Trung Việt,641,1,completed
CIE-220714-Elena Forest,642,1,completed
CIE-220714-Elena White,643,1,completed
VIỀN ĐAI DỰ TRỮ,644,1,completed
CIE-220618-CLB P3 Navy,645,1,completed
TTD-230822-156-Trung Việt,646,1,completed
ROV-220721-DV-CLASSIC GOLFER BLUE,647,1,completed
TTD-230822-056-Hằng Phong,648,1,completed
ROV-220518-SB-SHOE SKI DAD STONE+NAVY,649,1,completed
TTD-230822-156-KQ,650,1,completed
TTD-220723-AIS ( GẤP ),651,0,approval
TTD-220726-8JS-GULF 02,652,1,completed
SA-38045-Charter Escape Hat,653,1,completed
TTD-230822-157-Trung Việt,654,1,completed
TTD-220816-GF4222-Style 13 (2021),655,1,completed
TTD-190822-153-Trung Việt,656,1,completed
DYC-CCS-220723-Barry’s 01,657,1,completed
TTD-220721-PARAPACK 6P,658,1,completed
SA-38049 - 38054 Toddler Trucker-Small-Hummingbird,659,1,completed
XA-302-LAUSANNE SPORT NAVY,660,1,completed
XA-302-LAUSANNE SPORT NAVY,661,1,completed
TTD-240822-158-Trung Việt,662,1,completed
TSA-250822-051-Trung Việt,663,1,completed
ROV-220518-WP ICON DAD,664,1,completed
DYC-US-220520-Whico-577-Opt05-v2,665,1,completed
TTD-250822-056-Hằng Phong,666,1,completed
SA-38046-VIỀN,667,0,approval
VIỀN DỰ TRỮ,668,1,completed
TTD-250822-159-Trung Việt,669,1,completed
TTD-250822-056-Hằng Phong,670,1,completed
TTD-250822-010-Anh Hùng,671,1,completed
TTDKTY-220804-MOVEMENT,672,1,completed
DYC-US-220817-Engineer Sales-617,673,1,completed
DYC-US-220818-E11even-619- ( 9 OPTION ),674,1,completed
TTD-260822-160-Trung Việt,675,1,completed
DYC-US-220726-Spectrum Voip-601,676,1,completed
ROV-220721-DV-CLASSIC GOLFER LGREY,677,1,completed
ROV-220518-SB-FLAG INFO ORANGE /  ROV-220518-SB-FLAG INFO BLUE,678,1,completed
ROV-220518-SB-BARN / ROV-220518-WP-FELT TRUCKER,679,1,completed
ROV-220518-SB-COWBOY TOW / ROV-220518-WP-CIRCLE MOUNTAIN GRADIENT,680,1,completed
ROV-220518-SB-WOMENS SKI TOWN / ROV-220518-WP-WOMENS ACTIVITY,681,1,completed
TTD-270822-158-KQ,682,1,completed
TTD-270822-161-Trung Việt,683,1,completed
TTD-220721-PARAPACK,684,0,approval
TTD-290822-162-Trung Việt,685,1,completed
TTD-290822-159-KQ,686,1,completed
DYC-US-220817-Engineer Sales-617,687,1,completed
DYC-US-220816-Mad Club-615-Opt02/OPT4,688,1,completed
DYC-US-220816-Mad Club-615-Opt11,689,1,completed
DYC-US-220728-Exotic Frenchie Gang-604-Opt01,690,1,completed
DYC-US-220812-Pescaderia-613,691,1,completed
TTD-220817-BIS VINCOM HAT,692,1,completed
JP-220804-OMEGA SNAPBACK,693,1,completed
ROV-220518-SB-MOUNTAIN VIEW GOLFER ORANGE/ROV-220518-SB-SUEDE CANVAS/ROV-220518-WP-SUEDE CANVAS,694,1,completed
ROV-220518-WP-FLAG GOLFER,695,1,completed
ROV-220518-WP-SUEDE CANVAS,696,1,completed
CIE-220818-CLB UTCT,697,1,completed
CIE-220618-CLB P3 Navy,698,1,completed
TTDKTY-220819-BK585/570 -Perfectly Pale-Blank,699,1,completed
TTD-200922-Shondo,700,1,completed
TTD-200922-Shondo,701,1,completed
TTD-300822-163-Trung Việt,702,1,completed
TTD-300822-058-Hằng Phong,703,1,completed
TTD-300822-048-Quãng Viễn.,704,1,completed
TTD-310822-161-KQ,705,1,completed
TTD-310822-164-Trung Việt,706,1,completed
TTD-310822-164-Trung Việt,707,1,completed
SA-38055-ULTRA ADVENTURE HAT,708,1,completed
SA-38055-ULTRA ADVENTURE HAT,709,1,completed
SA-38045-Charter Escape Hat,710,1,completed
CZ68-220615-Recycle Plastic Visor Warm Grey CO(D2),711,1,completed
TTD-220822-SHONDO NONSH03,712,1,completed
DYC-AU-220825-Live Life Get Active,713,1,completed
DYC-CH1-220506-Le Rouge-Opt04,714,1,completed
SA-38046-Charter HaT,715,0,approval
ROV-220518,716,1,completed
TTD-010922-165-Trung Việt,717,1,completed
ROV-220518-SB-CIRCLE MOUNTAIN GRADIENT /ROV-220518-SB-FELT TRUCKER/ROV-220518-SB-FLAG JUMP /ROV-220518-SB-COWBOY JUMP /ROV-220518-WP-LINEART TREE/ ROV-220518-WP-MARY JANE /ROV-220518-WP-NO PAIN FLAG,718,1,completed
ROV-220518-THIÊN ĐỨC,719,1,completed
ROV-220518-SB-SKI JUMP / ROV-220518-SB-SNOW COWBOY / ROV-220518-WP-MOUNTAIN SILHOUTTE,720,1,completed
DYC-AU-220822-BAY RD BREWING-Opt06,721,1,completed
ROV-220518-WP-WOMENS MOUNTAIN SILHOUTTE,722,1,completed
ROV-220518-SB-WOMENS SKI TOWN  / ROV-220518-WP-WOMENS ACTIVITY,723,1,completed
DYC-CH1-220506-Le Rouge-Opt11,724,1,completed
TTD-010922-166-Trung Việt,725,1,completed
TTD-050922-059-Hằng Phong,726,1,completed
TTD-050922-162-KQ,727,1,completed
ROV-220822-LB-TRUCKER GRADIENT WHITE,728,1,completed
ĐAI -DỰ TRỮ,729,1,completed
TTD-050922-167-Trung Việt,730,1,completed
TTD-060922-168-Trung Việt,731,1,completed
TTD-060922-049-Quãng Viễn.,732,1,completed
SA-38056-Shade Goddess Hat,733,1,completed
ROV-220518-SB-SHOE SKI DAD STONE / ROV-220518-WP-CLASSIC GOLFER,734,1,completed
DYC-US-220727-K1 Speed-602-Opt05,735,1,completed
DYC-US-220727-K1 Speed-602-Opt02,736,1,completed
TTD-060922-164-KQ,737,1,completed
ĐAI DỰ TRỮ,738,1,completed
MD-220816-STAWAG,739,1,completed
DYC-US-220816-Honda-616,740,1,completed
DYC-US-220816-Mad Club-615-Opt02,741,1,completed
DYC-CH1-220512-Air-Glaciers,742,1,completed
TTD-070922-060-Hằng Phong,743,1,completed
DYC-CH1-220506-Le Rouge-Opt12,744,1,completed
DYC-CH1-220506-Le Rouge-Opt09/OPT8,745,1,completed
DYC-AU-220825-Live Life Get Active,746,1,completed
DYC-619-OPT9,747,1,completed
ROV-220518-SB-MOUNTAIN VIEW GOLFER DENIM,748,1,completed
TTD-070922-169-Trung Việt,749,1,completed
SA-38056-ĐAI,750,1,completed
TTD-080922-170-Trung Việt,751,1,completed
TTD-080922-061-Hằng Phong,752,1,completed
CIE-220519 - GOCap SC - Badge Plus Uniform / CIE-220519 - PBCap - Century Bar Baptisia,754,1,completed
CIE-220519 - ALZCap - Velocity Box Red Planet,755,1,completed
CIE-220519 - GOCap SC - Badge Plus Caralatte,756,1,completed
CIE-220519 - GOCap SC - Badge Plus Scout,757,1,completed
CIE-220519 - PBCap - Century Bar Tuck,758,1,completed
JP-220905-BLUE IMPULSE ARMY OLIVE,759,1,completed
JP-220824-JAPAN CUP 2022 VEGAS GOLD,760,1,completed
JP-220822-JAPAN CUP 2022 BROWN,761,1,completed
DYC-US-220816-Mad Club-615-Opt09,762,1,completed
TTDKTY-220825-Movement,763,1,completed
SA-38053-Sun Guide Cap,764,0,approval
DYC-CH1-220806-La Marlénaz SARL,765,1,completed
DYC-US-220803-Wally Castro-606,766,1,completed
TTDSTK-220905-MOVEMENT,767,1,completed
TTD-220701-Proper Cloth PO003-HA0411,768,1,completed
TTD-220701-Proper Cloth PO003-HA0412,769,1,completed
TTD-220701-Proper Cloth PO003-HA0413,770,1,completed
TTD-220701-Proper Cloth PO003-HA0414,771,1,completed
TTD-090922-165-KQ,772,1,completed
TTD-080922-171-Trung Việt,773,1,completed
TTD-090922-172-Trung Việt,774,1,completed
TTD-090922-001-Anh Sơn,776,1,completed
TTD-100922-166-KQ,777,1,completed
TTD-100922-166-KQ,778,1,completed
TSA-120922-053-Trung Việt,779,1,completed
TTD-120922-173-Trung Việt,780,1,completed
CIE-220519 - ALZCap - Velocity Box Occi,781,1,completed
CIE-220519 - ALZCap - Velocity Box Shim,782,1,completed
CIE-220519 - GOCap - RUN in Peace Dove,783,1,completed
CIE-220519 - GOCap - RUN in Peace Shim,784,1,completed
CIE-220519 - GOCap - RUN in Peace Cabri,785,1,completed
SA-38044-Brushline Bucket,786,0,approval
CZ68-220615-Recycle Plastic Visor Warm Grey NEW MICROFIBER and NEW SWEATBAND,787,1,completed
CZ68-220615-Recycle Plastic Visor Blue Navy NEW MICROFIBER and NEW SWEATBAND,788,1,completed
TSA-130922-054-Trung Việt,789,1,completed
TTD-130922-174-Trung Việt,790,1,completed
TTD-220822-SHONDO NONSH03 / TTD-220822-SHONDO NONSH10,791,1,completed
TTD-130922-062-Hằng Phong,792,1,completed
TTD-130922-062-Hằng Phong,793,1,completed
JP-220823-ASUKA BLACK,794,1,completed
TTD-130922-175-Trung Việt,795,1,completed
HM-220826-ZIMMEREI KIDS,796,1,completed
TTD-140922-063-Hằng Phong,797,1,completed
TTD-190922-002-Anh Sơn,798,1,completed
CIE-220519 - GOCap - RUN in Peace Dove,799,1,completed
TTD-190922-002-Anh Sơn,800,1,completed
TTD-190922-064-Hằng Phong,801,1,completed
TTD-190922-176-Trung Việt,802,1,completed
TTD-190922-168-KQ,803,1,completed
TTD-200922-177-Trung Việt,804,1,completed
CZ68-220615-Recycle Plastic Visor DK-Green NEW MICROFIBER and NEW SWEATBAND,805,1,completed
HM-220910-SKULL 001/002,806,1,completed
TTDKTY-220901-Movement,807,1,completed
TTD-200922-177-Trung Việt,808,1,completed
Screenline Cap-Asphalt-OS-PO64,809,0,approval
DYC-AU-220304-Ashco Energy-Opt02-v2,810,1,completed
DYC-CH1-220806-La Marlénaz SARL-D1,811,1,completed
JP-220823-ASUKA BLACK,812,1,completed
DYC-AU-220831-Tait Motors,813,1,completed
TSA-200922-055-Trung Việt,814,1,completed
TTD-200922-178-Trung Việt,815,1,completed
TTD-200922-169-KQ,816,1,completed
SA-38056-Shade Goddess Hat,817,1,completed
Sun Guide Cap-Sand- PO 38053,818,0,approval
DYC-CH1-220901-La Cordée des Alpes,819,1,completed
DYC-AU-220304-Ashco Energ...,820,1,completed
DYC-AU-220822-BAY RD BREWING-Opt06,821,1,completed
TTD-210922-065-Hằng Phong,822,1,completed
TTD-210922-179-Trung Việt,823,1,completed
TTDKTY-220901-Movement,824,1,completed
TTD-210922-178-Trung Việt,825,1,completed
TTD-210922-179-Trung Việt,826,1,completed
R2B-116-AC22081643 CHOPARD,827,1,completed
JP-220824-KONGO,828,1,completed
DYC-US-220809-Alpreneur-612-v1,829,1,completed
TTD-220912-SHONDO NONSH25,830,1,completed
HM-220910-PANOPTES,831,1,completed
JP-220830-BMW 2022 GRAPHITE / White,832,1,completed
TTD-220922-170-KQ,833,1,completed
AD-220908-REDFILLS IR PATTERN,834,1,completed
TTD-220922-066-Hằng Phong,835,1,completed
TTD-220922-180-Trung Việt,836,1,completed
TTD-220922-181-Trung Việt,837,1,completed
HM-220831-FTSVA TWEED,838,1,completed
CIE-220309-Norda 2022,839,1,completed
DYC-US-220912-FGI-633-Opt01,840,1,completed
DYC-US-220912-FGI-633-Opt02,841,0,approval
TTD-230922-034-CH,842,1,completed
TTD-230922-067-Hằng Phong,843,1,completed
TTD-230922-182-Trung Việt,844,1,completed
DYC-AU-220304-Ashco Energ...,845,1,completed
TTD-230922-183-Trung Việt,846,1,completed
TTD-220701-Proper Cloth PO003-HA0410,847,1,completed
TTD-230922-171-KQ,848,1,completed
TTD-220701-Proper Cloth PO003-HA0409,849,1,completed
TTD-220701-Proper Cloth PO003-HA0408,850,1,completed
Bù Thiên Đức,851,1,completed
TSA-240922-056-Trung Việt,852,1,completed
TTD-240922-003-Anh Sơn,853,1,completed
AD-220908-REDFILLS WHITE SATIN,854,1,completed
DYC-AU-220906-Grand Banks-Opt01,855,1,completed
HM-220910-AUDI SPORT,856,1,completed
REI23-PO64,857,1,completed
TTD-240922-172-KQ,858,1,completed
XA-298-CONEXTIVITY,859,1,completed
AD-220920-YELIR 1,860,1,completed
AD-220920-YELIR 11 - 12,861,1,completed
Nhập Đai Dự Trữ,862,1,completed
TTD-260922-174-KQ,863,1,completed
DYC-US-220912-Denison-634-Opt01,864,1,completed
DYC-AU-220906-Grand Banks-Opt04,865,1,completed
DYC-AU-220913-Lona,866,1,completed
TTDKTY-220901-Movement,867,1,completed
TTD-270922-175-KQ,868,1,completed
TTD-260922-184-Trung Việt,869,1,completed
TTD-270922-185-Trung Việt,870,1,completed
AD-220908-REDFILLS,871,1,completed
HM-220831-FTSVA TWEED,872,1,completed
DYC-US-220826-Vendome-609-Opt09,873,1,completed
DYC-US-220909-Double R Performance-632,874,1,completed
TTD-270922-185-Trung Việt,875,1,completed
TTD-220817-BIS VINCOM HAT-56cm bù,876,1,completed
ROV-220518-SB-SUEDE CANVAS,877,1,completed
CZ68-220615-Recycle Plastic Visor DK-Green CO(D2),878,1,completed
TTD-270922-185-Trung Việt,879,1,completed
TTD-270922-185-Trung Việt,880,1,completed
TTD-280922-187-Trung Việt,881,1,completed
VIỀN DỰ TRỮ,882,1,completed
TSA-280922-057-Trung Việt,883,1,completed
SMU-WIDE BRIM NO FLY ZONE HAT-PO66,884,0,approval
TTD-280922-004-Anh Sơn,885,1,completed
TTD-280922-004-Anh Sơn,886,1,completed
DYC-US-220912-Denison-634-Opt01,887,1,completed
VIỀN,888,1,completed
DYC-CH1-220921-Le Corre Real Estate-Opt01-v1,889,1,completed
TTD-280922-188-Trung Việt,890,1,completed
DYC-US-220608-Soflo-621-Opt04-v1,891,1,completed
TTD-290922-189-Trung Việt,892,1,completed
Shade Goddess Hat- PO 38056,893,0,approval
TTD-230922-171-KQ,894,1,completed
VIỀN DỰ TRỮ,895,1,completed
DYC-US-220912-Denison-634-opt1,896,1,completed
SA-38047-Flash Cap,897,1,completed
TTDKTY-220914-BK,898,0,approval
MOVEMENT-220914,899,1,completed
Flash Cap -OS -White,900,1,completed
TTD-300922-190-Trung Việt,901,1,completed
TTD-300922-177-KQ,902,1,completed
ROV-220525-RABBIT HOLE PG07 /P11,903,0,approval
TTD-300922-035-CH,904,1,completed
SA-38055-ULTRA ADVENTURE HAT,905,1,completed
DYC-US-220608-Soflo-621-Opt04-v1,908,1,completed
TTD-011022-068-Hằng Phong,909,1,completed
TTD-011022-191-Trung Việt,910,1,completed
DYC-US-220928-FGI-642,911,0,approval
BF-220928-FCS 5PANELS C1,912,1,completed
TSA-011022-058-Trung Việt,913,1,completed
HM-220927-FENDT,914,1,completed
TTD-011022-178-KQ,915,1,completed
TTD-031022-069-Hằng Phong,916,1,completed
ĐAI DỰ TRỮ,917,1,completed
TTD-031022-179-KQ,918,1,completed
UV Pro Neck-Guard Hat - PO78,919,0,approval
TTD-031022-192-Trung Việt,920,1,completed
Kids Ultra Adventure Hat-PO 38072,921,0,approval
TTD-041022-193-Trung Việt,922,1,completed
TTD-290922-189-Trung Việt,923,1,completed
DYC-AU-220906-Grand Banks-Opt04,924,1,completed
TTD-041022-180-KQ,925,1,completed
TTD-041022-194-Trung Việt,926,1,completed
TTD-041022-050-Quãng Viễn.,927,1,completed
DYC-US-220828-Wally Castro-624-Opt03,928,0,approval
CIE-220920-Madeby RC GC - Grey,929,1,completed
CIE-220920-Madeby RC BK - Grey-SM,930,1,completed
CIE-220920-Madeby RC BK - Grey-LXL,931,1,completed
CIE-220920-Madeby RC GC - Black,932,1,completed
CIE-220920-Madeby RC BK - Black-SM,933,1,completed
CIE-220920-Madeby RC BK - Black-LXL,934,1,completed
TTD-031022-069-Hằng Phong,935,0,approval
HM-220927-FENDT,936,1,completed
TTDKTY-220819-BK585-Perfectly Pale-Blank-Bù,937,1,completed
TTD-051022-195-Trung Việt,938,1,completed
TTD-051022-182-KQ,939,1,completed
TTD-041022-050-Quãng Viễn.,940,1,completed
SS23-FLASH CAP-PO115 + Bù PO 38047,941,0,approval
DYC-AU-220906-Grand Banks-Opt04,942,0,approval
DYC-US-220901-Riviera Tennis Center-626-Opt08,943,0,approval
DYC-US-220901-Riviera Tennis Center-626-Opt09,944,0,approval
TTD-200922-Shondo,945,1,completed
HM-220629-FENDT,946,1,completed
DYC-US-220901-Riviera Tennis Center-626-Opt11,947,0,approval
DYC-AU-220927-Techworks Plumbing,948,0,approval
Viền Kate Brushed Nickel SA - REI2023,949,1,completed
TTD-061022-070-Hằng Phong,950,1,completed
TTD-061022-037-CH,951,1,completed
TTD-071022-184-KQ,952,1,completed
TTD-071022-184-KQ,953,1,completed
TTD-061022-196-Trung Việt,954,1,completed
HM-220826-GARMIN,955,0,approval
TTD-071022-197-Trung Việt,956,1,completed
TTD-061022-196-Trung Việt,957,1,completed
TTD-071022-011-Anh Hùng,958,1,completed
ROV-220525-RABBIT ( Cấp phát cắt đồng bộ Tone với lót mặt ),959,0,approval
ROV-220525-RABBIT HOLE PG10_v1,960,0,approval
ROV-220525-RABBIT HOLE PG08 GREY_v1,961,0,approval
ROV-220525-RABBIT HOLE PG08 NAVY_v1,962,0,approval
ROV-220525-RABBIT HOLE PG12 WHITE_v1,963,0,approval
ROV-220525-RABBIT HOLE PG12 GREY_v1,964,0,approval
ROV-220525-RABBIT HOLE PG06 GREY/LILAC/PG4 NAVY,965,0,approval
ROV-220525-RABBIT HOLE PG04 DENIM_v1,966,0,approval
ROV-220525-RABBIT HOLE PG04 RED_v1,967,0,approval
ROV-220525-RABBIT HOLE PG04 GREEN_v1,968,0,approval
DYC-US-220828-Family & Friends Fishing-622,969,1,completed
DYC-US-220828-Family & Friends Fishing-622,970,0,approval
DYC-CH1-220921-Rebellion-Opt01,971,0,approval
TTD-061022-070-Hằng Phong,972,1,completed
TTD-081022-071-Hằng Phong,973,1,completed
SA-38053-Sun Guide Cap,974,1,completed
JP-220915-DO DEUCE,975,1,completed
TTD-081022-198-Trung Việt,976,1,approval
TTD-081022-198-Trung Việt,976,1,completed
TTD-081022-185-KQ,977,1,completed
TSA-081022-059-Trung Việt,978,1,completed
TSA-081022-059-Trung Việt,978,1,completed
VIỀN IN,979,1,completed
SA-38098-Kids Play Hat-Wild River,980,0,approval
SA-38098-Kids Play Hat-Pollinator,981,0,approval
TTD-081022-198-Trung Việt,982,1,completed
TTDKTY-220825-BK585-Khaki-VimHue,983,1,completed
TTD-101022-199-Trung Việt,984,1,completed
TTD-101022-187-KQ,985,1,completed
SA-38098-Kids Play Hat-Quarry,986,0,approval
SA-38098-Kids Play Hat-Space Explorer	Royal / Royal	Beach Day	Birds of Prey	Blossom	Butterfly Dream,987,0,approval
TTD-101022-072-Hằng Phong,988,1,completed
TTD-031022-069-Hằng Phong,989,1,completed
DYC-US-220828-Monbarth-625-Opt03,990,1,completed
DYC-US-220828-Monbarth-625-Opt04/Opt05,991,1,completed
TTD-101022-199-Trung Việt,992,1,completed
TTD-031022-069-Hằng Phong,993,1,completed
TTD-111022-051-Quãng Viễn.,994,1,completed
SA-38098-Kids Play Hat-Citrus-Hot-Pink-Lilac-Morning Birds-Navy Stripe,995,0,approval
TTD-111022-073-Hằng Phong,996,1,completed
TTD-111022-200-Trung Việt,997,1,completed
TTD-121022-189-KQ,998,1,completed
TTDKTY-220928-VV520-Black-Velcro,999,0,approval
DYC-US-220828-Monbarth-625-Opt06,1000,0,approval
DYC-US-220828-Monbarth-625-Opt07,1001,0,approval
TTDKTY-220901-ST570,1002,1,completed
TTD-061022-070-Hằng Phong,1003,1,completed
TTDKTY-220825-BK585-Khaki..,1004,1,completed
MOVEMENT-TTDKTY-ST570,1005,1,completed
DYC-US-220818-Boston Whaler-620,1006,0,approval
DYC-US-220828-Wally Castro-624-Opt04,1007,0,approval
DYC-CH1-220927-Xtreme Sports Verbier-Opt04,1008,0,approval
TTD-131022-012-Anh Hùng,1009,1,completed
TTD-121022-201-Trung Việt,1010,1,completed
TTD-061022-196-Trung Việt,1011,1,completed
DYC-US-220901-Lightning Transport-627-Opt09,1012,1,completed
DYC-AU-220920-Paradigm-Opt01,1013,0,approval
DYC-AU-220831-Whisky Lullaby,1014,1,completed
JP-221004-SODASHI EARS,1015,1,completed
DYC-US-221004-E11even,1016,0,approval
SMS-CIELE-CIE-220519 - FSTCap SC - Clean Shadowcast CIE-220519 - GOCap SC - Winc Whitaker CIE-220519 - GOCap - Over Red Earth CIE-220519 - GOCap - Over Shadowcast CIE-220519 - CRWCap SC - Clean Shadowcast CIE-220519 - GOCap SC - Clean Shadowcast,1017,1,completed
CIE-220519 - SMS,1018,1,completed
CIE-220519 - PYNCap - Iconic VC Moya LXL CIE-220519 - PYNCap - Iconic VC Minde SM CIE-220519 - PYNCap - Iconic VC Sanyon SM,1019,1,completed
CIE-220519 - SMS,1020,1,completed
DYC-US-220828-Monbarth-625-Opt06/opt07,1021,1,completed
Wide Brim No Fly Zone Hat-Tan-LXL-PO66,1022,0,approval
Sahara Guide Hat-PO64,1023,1,completed
Sahara Path Hat-PO64,1024,0,approval
Screenline Cap-Asphalt-OS-PO64,1025,1,completed
Sahara Cap with Cape-PO64,1026,1,completed
UV Pro Wide Brim-PO78,1027,1,completed
WM2023-PO78	UV Pro Boonie,1028,1,completed
WM2023-PO78	UV Pro Crusher Cape Cap,1029,1,completed
WM2023-PO78	UV Pro Vented Bucket,1030,1,completed
WM2023-PO78	UV Pro Vented Safari,1031,1,completed
TTD-141022-202-Trung Việt,1032,1,completed
TTD-141022-074-Hằng Phong,1033,1,completed
TTD-141022-074-Hằng Phong,1034,1,completed
CIE-220519 - BCHat V Elite - Circle C Shadowcast LXL/SM,1035,1,completed
DYC-AU-220920-Paradigm-Opt02,1036,0,approval
R2B-119-AC22091759 BLUE FACTORY NAVY/WHITE,1037,0,approval
DYC-US-220901-Lightning Transport-627-Opt10,1038,0,approval
TTD-141022-191-KQ,1039,1,completed
DYC-AU-221001-Black6,1040,0,approval
CIE-220309-Norda 2022,1041,1,completed
Bù Norda,1042,1,completed
TTD-151022-203-Trung Việt,1043,1,completed
DYC-AU-220831-Whisky Lullaby,1044,1,completed
DYC-AU-220920-Paradigm-Opt02,1045,1,completed
DYC-AU-220920-Paradigm-Opt02,1046,1,completed
TTD-151022-203-Trung Việt,1047,1,completed
CIE-220519 - ALZCap Carbon - Iconic VC Occi,1048,1,completed
CIE-220519 - GOCap - RCC Fourche,1049,1,completed
CIE-220519 - GOCap - RCC Bigsky,1050,1,completed
CIE-220519 - GOCap SC - Winc Sable,1051,1,completed
CIE-220519 - GOCap - RCC Peat,1052,1,completed
CIE-220519 - RDCap Elite - Circle C Lavacast,1053,1,completed
CIE-220519 - RDCap Elite - Circle C - Red Planet Red Planet,1054,1,completed
CIE-220519 - GOCap Elite - Circle C Lavacast,1055,1,completed
CIE-220519 - ALZCap Carbon - Iconic VC Lakaga,1056,1,completed
Sahara Cap with Cape-Army Cot Green-PO64,1057,1,completed
TTD-171022-075-Hằng Phong,1058,1,completed
HM-221012-BYSTRONIC RED,1059,0,approval
CIE-220519 - BCHat V Elite - Circle C Sable LXL/SM,1060,1,completed
DYC-US-220919-Soflo Jeeps-637-Opt02,1061,0,approval
DYC-US-221011-305 Films-648-Opt07,1062,0,approval
DYC-US-221011-305 Films-648-Opt08,1063,0,approval
DYC-CH1-221012-Guggenmusik,1064,1,completed
TTD-221005-Hardcore,1065,0,approval
TTD-221005-Hardcore + DYC-CH1-221012-Guggenmusik,1066,0,approval
TTD-171022-204-Trung Việt,1067,1,completed
TTD-171022-075-Hằng Phong,1068,1,completed
BF-221013-HERTHA BSC,1069,0,approval
TTD-171022-193-KQ,1070,1,completed
DYC-US-220608-Soflo-621-Opt03-v1,1071,0,approval
Sahara SunHat With Cape - REI23-PO64,1072,0,approval
TTD-181022-206-Trung Việt,1073,1,completed
TTD-171022-193-KQ,1074,1,completed
TTD-181022-039-CH,1075,1,completed
TTD-181022-076-Hằng Phong,1076,1,completed
TTD-191022-207-Trung Việt,1077,1,completed
TTD-191022-077-Hằng Phong,1078,1,completed
DYC-US-220828-Monbarth-625-Opt08/opt09,1079,1,completed
DYC-CH1-220929-Farm Club Verbier-Opt02,1080,0,approval
DYC-CH1-221012-Guggenmusik,1081,0,approval
HM-221012-BYSTRONIC RED,1082,0,approval
TSA-181022-060-Trung Việt,1083,1,completed
DYC-US-220828-Mission of Action-623,1084,1,completed
DYC-CH1-220929-Farm Club Verbier-Opt07,1085,1,completed
DYC-CH1-220929-Farm Club Verbier-Opt09,1086,0,approval
CIE-220519 - GOCap Elite - Circle C Westa,1087,1,completed
CIE-220519 - RDCap Elite - Circle C - Red Planet,1088,1,completed
CIE-220519 - GOCap Elite - Circle C Lavacast,1089,1,completed
CIE-220519 - GOCap Elite - Circle C Westa,1090,1,completed
TSA-201022-061-Trung Việt,1091,1,completed
TTD-201022-208-Trung Việt,1092,1,completed
TTD-211022-078-Hằng Phong,1093,1,completed
Ultra Storm Bucket-Mineral- PO 38003,1094,0,approval
TTD-211022-209-Trung Việt,1095,1,completed
DYC-CH1-220921-Rebellion-Opt02-03-04,1096,0,approval
HM-220914-HAMBURG STEALERS,1097,1,completed
TTD-211022-210-Trung Việt,1098,1,completed
Ultra Storm Bucket - PO 38003,1099,1,completed
TTD-221022-195-KQ,1100,1,completed
TTD-221022-211-Trung Việt,1101,1,completed
JP-220929-SUZUKI BASEBALL,1102,1,completed
DYC-CH1-220909-Club de grimpe de Verbier,1103,1,completed
WM2023-PO78-UV Pro Vented Bucket,1104,0,approval
HM-220826-GARMIN,1105,1,completed
TTD-241022-212-Trung Việt,1106,1,completed
CZ68-221003-TRG,1107,1,completed
TTD-241022-079-Hằng Phong,1108,1,completed
TTD-251022-213-Trung Việt,1109,1,completed
JP-220929-SUZUKI BASEBALL,1110,1,completed
TTD-251022-197-KQ,1111,1,completed
TTD-251022-080-Hằng Phong,1112,1,completed
TTD-251022-081-Hằng Phong,1113,1,completed
TTD-251022-214-Trung Việt,1114,1,completed
XA-304-ECOLINT WHITE,1115,1,completed
XA-304-ECOLINT WHITE,1116,0,approval
TTD-261022-215-Trung Việt,1117,1,completed
DYC-US-220919-Wally Castro-636,1118,0,approval
CIE-220618-CLB P3 Forest,1119,1,completed
WM2023-PO78- UV Pro Wide Brim,1120,0,approval
UV Pro Crusher Cape Cap-PO 78,1121,0,approval
UV Pro Vented Safari-Khaki-OS-PO 78,1122,1,completed
DYC-CH1-220921-Rebellion-Opt02-03-04,1123,1,completed
TTD-271022-082-Hằng Phong,1124,1,completed
TTD-271022-083-Hằng Phong,1125,1,completed
DYC-US-220901-Lightning Transport-627-Opt09,1126,1,completed
TTD-271022-198-KQ,1127,1,completed
TTD-271022-216-Trung Việt,1128,1,completed
TTD-071022-184-KQ,1129,1,completed
TTD-271022-216-Trung Việt,1130,1,completed
TSA-281022-062-Trung Việt,1131,1,completed
ĐAI-VIỀN dự trữ,1132,0,approval
TTD-281022-200-KQ,1133,1,completed
TTD-281022-217-Trung Việt,1134,1,completed
DYC-US-220919-Blacktiph-635-Opt01/03/04,1135,0,approval
TTDKTY-220928-VS520,1136,1,completed
TTDKTY-221021-VS520,1137,0,approval
TTDKTY-221021-Blank,1138,1,completed
TTD-281022-218-Trung Việt,1139,1,completed
UV Pro Boonie-OS-PO 78,1140,1,completed
TTD-291022-219-Trung Việt,1141,1,completed
DYC-CH1-220927-Xtreme Sports Verbier-Opt07,1142,1,completed
DYC-CH1-220929-Yachticea,1143,1,completed
DYC-US-221026-Villa Azur-654,1144,0,approval
DYC-US-220919-Reidar Dao-638,1145,1,completed
TTDKTY-220928-VS520-True Red-Slide / TTDKTY-220928-VS520-Pastel Lilac-Slide,1146,1,completed
TTDKTY-221021-VS520-True Red-Slide,1147,1,completed
TTD-311022-220-Trung Việt,1148,1,completed
TSA-311022-063-Trung Việt,1149,1,completed
DYC-US-221026-Villa Azur-654,1150,1,completed
TTD-311022-201-KQ,1151,1,completed
TTD-311022-084-Hằng Phong,1152,1,completed
TTD-311022-052-Quãng Viễn.,1153,1,completed
DYC-CH1-220929-Farm Club Verbier-Opt07-v1/DYC-CH1-220929-Mountain Air Verbier-Opt02,1154,1,completed
DYC-US-221026-Doroni-655,1155,0,approval
TTD-011022-221-Trung Việt,1156,1,completed
TTD-011122-041-CH,1157,1,completed
TTD-021122-222-Trung Việt,1158,1,completed
TTD-021122-222-Trung Việt,1159,1,completed
Ultra Escape Boonie-38075-SS23 - 4th buy-,1160,1,completed
TTD-021122-223-Trung Việt,1161,1,completed
Kids' Artist Series Trucker-ML-Pond Party-PO125,1162,0,approval
DYC-CH1-220929-Mountain Air Verbier-Opt01,1163,0,approval
TTDKTY-220928-VS520-White-Leopard Slide,1164,1,completed
TTDKTY-221021-VS520-White-Leopard Slide,1165,0,approval
DYC-CH1-220921-Le Carrefour- Opt1-v2,1166,0,approval
Brusheline Bucket -SA - PO 38067,1167,0,approval
DYC-CH1-220622-Rebellion-Opt01,1168,0,approval
TTD-031122-224-Trung Việt,1169,1,completed
TTD-031122-042-CH,1170,1,completed
Sun Tripper Cap-PO 38074,1171,0,approval
TTD-041122-225-Trung Việt,1172,1,completed
TTD-031122-226-Trung Việt,1174,1,completed
TTD-041122-204-KQ,1175,1,completed
DYC-CH1-221026-Dyna Ecosol,1176,0,approval
DYC-CH1-220622-Rebellion-Opt01,1177,0,approval
DYC-CH1-220929-Mountain Air Verbier-Opt02,1178,0,approval
DYC-US-220909-La Santa Taqueria-631,1179,0,approval
DYC-CH1-220929-Farm Club Verbier-Opt07-v1,1180,0,approval
TTD-221101-BIS,1181,0,approval
TTD-051122-205-KQ,1182,1,completed
DYC-CH1-220926-Dance Area Geneva,1183,0,approval
DYC-CH1-220926-Sto Bene Partners,1184,0,approval
HM-221019-STATUS1 DENIM,1185,1,completed
XA-305-CONEXTIVITY,1186,0,approval
REI23-PO64	Sahara Guide Hat,1187,0,approval
TTD-071122-228-Trung Việt,1188,1,completed
DYC-CH1-220926-Sto Bene Partners,1189,0,approval
TTD-051122-227-Trung Việt,1190,1,completed
DYC-US-221102-Holman-659-Opt03,1191,0,approval
DYC-US-221102-Holman-659-Opt01/opt2,1192,0,approval
DYC-US-221004-Worth Avenue Yachts-646-Opt02,1193,0,approval
TTD-071122-206-KQ,1194,1,completed
DYC-US-221004-Worth Avenue Yachts-646-Opt01,1195,0,approval
TTDKTY-220928-VS520-White-Flamingo Slide,1196,1,completed
TTDKTY-220928-VS520-White-Cactus Slide,1197,1,completed
TTDKTY-221021-VS520-White-Flamingo Slide,1198,1,completed
TTDKTY-221021-VS520-White-Cactus Slide,1199,1,completed
CIE-211222-GOCap SC - Badge Plus-Trooper,1200,1,completed
CIE-211222-GOCap SC - Badge Plus-Whitaker,1201,0,approval
TTD-081122-229-Trung Việt,1202,1,completed
CIE-211222-GOCap SC - Badge Plus-Trooper,1203,0,approval
CIE-211222-GOCap SC - WWMCity -London,1204,1,completed
CIE-211222-GOCap SC - WWMCity -Tokyo,1205,0,approval
CIE-211222-GOCap SC - WWMCity -Paris,1206,0,approval
CIE-211222-PBCap - Century Bar-Whitaker-60cm,1207,0,approval
CIE-211222-GOCap Elite - Circle C -Shadowcast,1208,0,approval
CIE-211222-GOCap SC - WWMCity -Los Angeles,1209,0,approval
CIE-211222-GOCap SC - WWMCity -Boston,1210,0,approval
CIE-211222-PBCap - Century Bar-RedRocks-60cm,1211,0,approval
CIE-211222-GOCap SC - Badge Plus-October,1212,1,completed
DYC-CH1-220921-Rebellion-Opt01,1213,1,completed
TTD-081122-053-Quãng Viễn.,1214,1,completed
TTD-081122-208-KQ,1215,1,completed
DYC-CH1-220913-Farinet Verbier-Opt02,1216,0,approval
Brusheline Bucket -SA - PO 38067,1217,1,completed
TTD-091122-054-Quãng Viễn.,1218,1,completed
TTD-081122-230-Trung Việt,1219,1,completed
TTDKTY-221026-Movement,1220,0,approval
TTD-081122-230-Trung Việt,1221,1,completed
TTD-091122-209-KQ,1222,1,completed
CIE-220519 - FLTCap WND - Ultra Iconic Whitaker LXL,1223,0,approval
CIE-220519 - GOCap Sherpa - Ultra Iconic Acres,1224,0,approval
CIE-220519 - FLTCap WND - Ultra Iconic Whitaker LXL,1225,0,approval
DYC-CH1-220927-Xtreme Sports Verbier-Opt02,1226,0,approval
TTD-091122-231-Trung Việt,1227,1,completed
TTD-101122-232-Trung Việt,1228,1,completed
TTD-101122-210-KQ,1229,1,completed
TSA-051122-064-Trung Việt,1230,1,completed
DYC-CH1-220926-Rebellion Dakar 2023-v1,1231,0,approval
TTD-111122-233-Trung Việt,1232,1,completed
MD-221107-MBA DAMEN,1233,1,completed
R2B-124-AC22101956 ETRAXA,1234,0,approval
TTD-221004-SHONDO NONSH04 / NONSH21,1235,0,approval
DYC-US-221104-Holman-660-Opt02,1236,0,approval
DYC-US-221104-Holman-660-Opt03,1237,1,completed
TTD-111122-233-Trung Việt,1238,1,completed
TTD-111122-212-KQ,1239,1,completed
CIE-211222-RDCap SC - Velocity Box-Seaton,1240,0,approval
TTD-220922-MIZUNO 52KW21060009-BK,1241,0,approval
TTD-121122-234-Trung Việt,1242,1,completed
TSA-121122-065-Trung Việt,1243,1,completed
TTD-121122-085-Hằng Phong,1244,1,completed
DYC-US-221011-Sella-649,1245,0,approval
HM-221107-FP,1246,0,approval
TTDKTY-221109-VS520,1247,0,approval
HM-221107-FP / AD-221020-IRENA ILCHEVA 1,1248,1,completed
TTD-141122-235-Trung Việt,1249,1,completed
TTD-141122-214-KQ,1250,1,completed
CIE-211222-ALZCap Carbon SC - Sunday Love-Whitaker,1251,1,completed
TTDKTY-221021-MOVEMENT,1252,1,completed
VIỀN DỰ TRỮ,1253,1,completed
TTD-220922-MIZUNO 52KW22500014-NY/BK,1254,0,approval
TTD-220922-MIZUNO 52KW22500001-WH / TTD-220922-MIZUNO 52KW21060001-WH,1255,0,approval
TTD-151122-215-KQ,1256,1,completed
DYC-US-221013-Kessler Gestion-650,1257,0,approval
AD-221020-IRENA ILCHEVA 1,1258,0,approval
CIE-211222-ALZCap Carbon SC - Sunday Love-Sable,1259,0,approval
CIE-211222-GOCap SC - Badge Plus-October,1260,0,approval
CIE-220519 - WBKTHat - Iconic Athletics Sable LXL (SMS),1261,0,approval
CIE-220519 - WBKTHat - Iconic Athletics Sable LXL (SMS),1262,0,approval
CIE-220519 - WBKTHat - Iconic Athletics Cormon LXL (SMS),1263,0,approval
CIE-220519 - WBKTHat - Iconic Athletics Mars One SM (SMS),1264,0,approval
TTD-151122-236-Trung Việt,1265,1,completed
TSA-121122-065-Trung Việt,1266,1,completed
TTD-161122-086-Hằng Phong,1267,1,completed
TTD-161122-086-Hằng Phong,1268,1,completed
DYC-US-221104-Holman-660-Opt01,1269,0,approval
TTD-161122-218-KQ,1270,1,completed
R2B-125-AC22091812 AG_v1,1271,0,approval
DYC-CH1-221111-A Buzzurro,1272,0,approval
DYC-CH1-221026-Rebellion-Opt06,1273,0,approval
DYC-CH1-221026-Rebellion-Opt05,1274,0,approval
DYC-CH1-221026-Rebellion-Opt04,1275,0,approval
DYC-CH1-221026-Rebellion-Opt03,1276,0,approval
DYC-CH1-221026-Rebellion-Opt03,1277,1,completed
DYC-CH1-221026-Rebellion-Opt01,1278,0,approval
TTD-161122-237-Trung Việt,1279,1,completed
PH-221012-MASE FOAM BROWN,1280,1,completed
XA-303-PEGASUS_v1,1281,1,completed
TTD-171122-087-Hằng Phong,1282,1,completed
CIE-211222-ALZCap SC - Pack-Minter,1283,0,approval
CIE-211222-ALZCap SC - Pack-Leopold,1284,1,completed
CIE-211222-ALZCap SC - Pack-Leopold,1285,0,approval
CIE-211222-GOCap - DFL-Ecolier,1286,0,approval
CIE-211222-BKTHat - DFL-Whitaker-60cm,1287,0,approval
CIE-211222-BKTHat - DFL-Whitaker-56.5cm,1288,0,approval
TTD-181122-239-Trung Việt,1289,1,completed
DYC-US-221001-The Rose 83-644-v1,1290,0,approval
DYC-CH1-221026-Rebellion-Opt07,1291,0,approval
CIE-211222-BKTHat - DFL-Ecolier-56.5cm,1292,0,approval
CIE-211222-BKTHat - DFL-Ecolier-60cm,1293,0,approval
Ultra Storm Boonie-Shadow- PO 38003,1294,1,completed
Ultra Storm Boonie-Mineral- PO 38003,1295,1,completed
CIE-211222-PYNCap - Standard Stripe Small-Ghost LXL,1296,0,approval
CIE-211222-PYNCap - Standard Stripe Small-Ghost SM,1297,0,approval
TTD-181122-088-Hằng Phong,1298,1,completed
CIE-211222-PYNCap - Standard Stripe Small-Shadowcast,1299,0,approval
TTD-181122-055-Quãng Viễn.,1300,0,approval
TTD-181122-219-KQ,1301,1,completed
TTD-181022-013-Anh Hùng,1302,1,completed
PH-221012-MASE FOAM BROWN,1303,0,approval
TSA-181122-067-Trung Việt,1304,1,completed
DYC-CH1-221026-Rebellion-Opt08,1305,0,approval
DYC-US-221111-BlackTiph-662-Opt01,1306,0,approval
DYC-CH1-220909-No 8 Bed & Bar-Opt04-v1 & Opt06,1307,0,approval
CIE-211222-GOCap - DFL-Whitaker,1308,0,approval
TTDKTY-221107-MOVEMENT,1309,0,approval
SA-38076-Ultra Trail Cap,1310,1,completed
SA-38076-Ultra Trail Cap,1311,0,approval
SA-133-Ultra Trail Cap,1312,0,approval
FW22-ULTRA ADVENTURE STORM HAT- PO 38003,1313,0,approval
TTD-191122-240-Trung Việt,1314,1,completed
CIE-211222-RDCap SC - Velocity Box-Whitaker,1315,0,approval
CIE-211222-GOCap Carbon - Speed Play-Corman,1316,0,approval
CIE-211222-ALZCap - Morning Run- Pinard,1317,0,approval
DYC-CH1-220913-Farinet Verbier-Opt03-v1,1318,0,approval
TTD-211122-089-Hằng Phong,1319,1,completed
TTD-211122-220-KQ,1320,1,completed
DYC-US-220816-Luence-614-Opt02-v1,1321,0,approval
DYC-US-220816-Luence-614-Pocket-v1,1322,1,completed
JP-221027-ASUKA 2022 BLACK,1323,1,completed
JP-221027-ASUKA 2022 WHITE / BLACK,1324,1,completed
DYC-US-221020-Origins-653,1325,0,approval
DYC-US-221116-Alpreneur-664,1326,0,approval
TTD-211122-241-Trung Việt,1327,1,completed
DYC-US-221001-The Rose 83-644-v1,1328,0,approval
TTD-181122-055-Quãng Viễn.,1329,1,completed
TTD-221122-222-KQ,1330,1,completed
DYC-CH1-220913-Farinet Verbier-Opt03-v1,1331,0,approval
TTD-221122-242-Trung Việt,1332,1,completed
TTD-231122-243-Trung Việt,1333,1,completed
Rolex Grand Slam,1334,1,completed
TTD-241122-090-Hằng Phong,1335,0,approval
DYC-US-221117-IYC-666,1336,0,approval
TTD-241122-244-Trung Việt,1337,1,completed
Movement club 12 - Đai,1338,0,approval
DYC-US-221117-IYC-666,1339,0,approval
CIE-211222-GOCap SC - Badge Plus-Trooper,1340,0,approval
TTD-251122-245-Trung Việt,1341,1,completed
CIE-211222-GOCap Elite - Circle C -Polaris,1342,0,approval
REI23-PO64	Sahara Path Hat,1343,0,approval
TTD-251122-246-Trung Việt,1344,1,completed
HM-221123-ASF,1345,1,completed
CIE-221027-Naak,1346,0,approval
DYC-CH1-220909-No 8 Bed & Bar-Opt07-v1,1347,0,approval
TTD-261122-247-Trung Việt,1348,1,completed
VIỀN DỰ TRỮ,1349,0,approval
CIE-220607-Made X for 7Mesh-GC Boreal,1350,0,approval
CIE-220607-Made X for 7Mesh-GC Hinterland-v2,1351,0,approval
CIE-220607-Made X for 7Mesh-GC Hot Fawn,1352,0,approval
HM-221126-1903 CAP 004,1353,1,completed
CIE-211222-GOCap Elite - Circle C -Boreal,1354,0,approval
TTD-281122-005-Anh Sơn,1355,0,approval
TTD-281122-248-Trung Việt,1356,1,completed
TTD-281122-223-KQ,1357,0,approval
AD-221124-BDNA 6,1358,0,approval
TTD-241122-090-Hằng Phong,1359,1,completed
TTD-291122-249-Trung Việt,1360,1,completed
TTD-291122-249-Trung Việt,1361,1,completed
DYC-US-221117-E11even Vodka-665,1362,0,approval
TTD-301122-091-Hằng Phong,1363,0,approval
SMU-WIDE BRIM NO FLY ZONE HAT-PO66,1364,0,approval
TTD-301122-250-Trung Việt,1365,1,completed
AD-221124-BDNA 6,1366,0,approval
DYC-US-221125-La Sandwicherie-670,1367,0,approval
CIE-211222-ALZCap Carbon - Iconic VC-Steeldan,1368,0,approval
CIE-211222-ALZCap - Morning Run -Quasi Edition,1369,0,approval
CIE-211222-ALZCap Carbon - Iconic VC-Belmont,1370,0,approval
CIE-211222-ALZCap Carbon - Iconic VC-Corman,1371,0,approval
TTDSTK-221121,1372,0,approval
TTDSTK-221121-NAVY BLUE,1373,0,approval
TTD-011222-092-Hằng Phong,1374,0,approval
TTD-011222-251-Trung Việt,1375,0,approval
Backdrop Boonie-PO38066,1376,0,approval
Backdrop Boonie-PO38066,1377,0,approval
CIE-211222-GOCap Elite - Circle C -Boreal,1378,0,approval
CIE-211222-RDCap Elite - Circle C-Earthship,1379,0,approval
CIE-211222-BCHat V Elite - Circle C-Boreal-60cm/58CM,1380,1,completed
CIE-211222-ALZCap - Morning Run -Byrun,1381,0,approval
CIE-211222-BNDCKHat Carbon - Iconic VC-Kits-60cm,1382,0,approval
CIE-211222-BNDCKHat Carbon - Iconic VC-Henri-60cm,1383,0,approval
CIE-211222-BNDCKHat Carbon - Iconic VC-Cormon-60cm,1384,0,approval
TTD-021222-224-KQ,1385,0,approval
CIE-211222-BCHat V Elite - Circle C-Boreal-60cm/58CM,1386,0,approval
TTDSTK-221121-BK-Antarctica-Blank,1387,0,approval
TTDSTK-221121-BK-Buttercream-Blank,1388,0,approval
TTDSTK-221121-VS520/VV520 Navy Blue-Blank,1389,0,approval
TTDSTK-221121-VS520/VV520-Blue-Blank,1390,0,approval
TTDSTK-221121-VS520/VV520-Fandango Pink-Blank,1391,0,approval
TTDSTK-221121-VS520/VV520-Black-Blank,1392,0,approval
TTDSTK-221121-VS520/VV520-True Red-Blank,1393,0,approval
TTD-031222-252-Trung Việt-TTD-031222-253-Trung Việt,1394,1,completed
TTD-031222-252-Trung Việt,1395,1,completed
TTD-221025-Bouygues-v1,1396,0,approval
DYC-US-221110-The Vibe Agency-661,1397,0,approval
XA-303-PEGASUS_v1,1398,0,approval
CIE-211222-GOCap Carbon - Speed Play-Steel,1399,0,approval
CIE-211222-GOCap Carbon - Speed Play-Corman,1400,0,approval
CIE-220920-CLB Mine Raglan,1401,0,approval
DYC-US-221117-E11even Vodka-665,1402,0,approval
DYC-AU-221026-Western Zone QLD,1403,0,approval
TTD-051222-254-Trung Việt,1404,0,approval
TTD-051222-254-Trung Việt,1405,0,review
